{
  "video": {
    "video_date": "2025-08-31",
    "title": "Video - 2025-08-31",
    "description": "2025-08-31 tarihli video sıralaması",
    "thumbnail_url": null
  },
  "rankings": [
    {
      "id": 31336,
      "username": "husoakkoyun35",
      "profile_picture_url": "https://pub-63c4f2af186d48f184dea3dfce00ba35.r2.dev/husoakkoyun35.jpg",
      "rank": 1
    },
    {
      "id": 31337,
      "username": "sikiciyilannn",
      "profile_picture_url": "https://pub-63c4f2af186d48f184dea3dfce00ba35.r2.dev/sikiciyilannn.jpg",
      "rank": 2
    },
    {
      "id": 31338,
      "username": "eren.yilmaztekin",
      "profile_picture_url": "https://pub-63c4f2af186d48f184dea3dfce00ba35.r2.dev/eren.yilmaztekin.jpg",
      "rank": 3
    },
    {
      "id": 31339,
      "username": "nurullah_krt35",
      "profile_picture_url": "https://pub-63c4f2af186d48f184dea3dfce00ba35.r2.dev/nurullah_krt35.jpg",
      "rank": 4
    },
    {
      "id": 31340,
      "username": "eymenisteaqqq",
      "profile_picture_url": "https://pub-63c4f2af186d48f184dea3dfce00ba35.r2.dev/eymenisteaqqq.jpg",
      "rank": 5
    },
    {
      "id": 31341,
      "username": "hasan_deemir07",
      "profile_picture_url": "https://pub-63c4f2af186d48f184dea3dfce00ba35.r2.dev/hasan_deemir07.jpg",
      "rank": 6
    },
    {
      "id": 31342,
      "username": "kgn64_",
      "profile_picture_url": "https://pub-63c4f2af186d48f184dea3dfce00ba35.r2.dev/kgn64_.jpg",
      "rank": 7
    },
    {
      "id": 31343,
      "username": "turgutcanozturk3",
      "profile_picture_url": "https://pub-63c4f2af186d48f184dea3dfce00ba35.r2.dev/turgutcanozturk3.jpg",
      "rank": 8
    },
    {
      "id": 31344,
      "username": "ccr7_mu",
      "profile_picture_url": "https://pub-63c4f2af186d48f184dea3dfce00ba35.r2.dev/ccr7_mu.jpg",
      "rank": 9
    },
    {
      "id": 31345,
      "username": "smteden",
      "profile_picture_url": "https://pub-63c4f2af186d48f184dea3dfce00ba35.r2.dev/smteden.jpg",
      "rank": 10
    },
    {
      "id": 31346,
      "username": "demirnikelkobaltt",
      "profile_picture_url": "https://pub-63c4f2af186d48f184dea3dfce00ba35.r2.dev/demirnikelkobaltt.jpg",
      "rank": 11
    },
    {
      "id": 31347,
      "username": "gocciedits",
      "profile_picture_url": "https://pub-63c4f2af186d48f184dea3dfce00ba35.r2.dev/gocciedits.jpg",
      "rank": 12
    },
    {
      "id": 31348,
      "username": "tevfik_efe_arik",
      "profile_picture_url": "https://pub-63c4f2af186d48f184dea3dfce00ba35.r2.dev/tevfik_efe_arik.jpg",
      "rank": 13
    },
    {
      "id": 31349,
      "username": "firatyildirim_3065",
      "profile_picture_url": "https://pub-63c4f2af186d48f184dea3dfce00ba35.r2.dev/firatyildirim_3065.jpg",
      "rank": 14
    },
    {
      "id": 31350,
      "username": "mert.k.koc",
      "profile_picture_url": "https://pub-63c4f2af186d48f184dea3dfce00ba35.r2.dev/mert.k.koc.png",
      "rank": 15
    },
    {
      "id": 31351,
      "username": "gecosunuz12",
      "profile_picture_url": "https://pub-63c4f2af186d48f184dea3dfce00ba35.r2.dev/gecosunuz12.jpg",
      "rank": 16
    },
    {
      "id": 31352,
      "username": "asyattrr",
      "profile_picture_url": "https://pub-63c4f2af186d48f184dea3dfce00ba35.r2.dev/asyattrr.jpg",
      "rank": 17
    },
    {
      "id": 31353,
      "username": "semih_sahin_40",
      "profile_picture_url": "https://pub-63c4f2af186d48f184dea3dfce00ba35.r2.dev/semih_sahin_40.jpg",
      "rank": 18
    },
    {
      "id": 31354,
      "username": "vysel_11",
      "profile_picture_url": "https://pub-63c4f2af186d48f184dea3dfce00ba35.r2.dev/vysel_11.jpg",
      "rank": 19
    },
    {
      "id": 31355,
      "username": "hasan__klkn27",
      "profile_picture_url": "https://pub-63c4f2af186d48f184dea3dfce00ba35.r2.dev/hasan__klkn27.jpg",
      "rank": 20
    },
    {
      "id": 31356,
      "username": "beerat35",
      "profile_picture_url": "https://pub-63c4f2af186d48f184dea3dfce00ba35.r2.dev/beerat35.jpg",
      "rank": 21
    },
    {
      "id": 31357,
      "username": "onurreis04_",
      "profile_picture_url": "https://pub-63c4f2af186d48f184dea3dfce00ba35.r2.dev/onurreis04_.jpg",
      "rank": 22
    },
    {
      "id": 31358,
      "username": "hiwesa98",
      "profile_picture_url": "https://pub-63c4f2af186d48f184dea3dfce00ba35.r2.dev/hiwesa98.jpg",
      "rank": 23
    },
    {
      "id": 31359,
      "username": "taha_atesliii35",
      "profile_picture_url": "https://pub-63c4f2af186d48f184dea3dfce00ba35.r2.dev/taha_atesliii35.jpg",
      "rank": 24
    },
    {
      "id": 31360,
      "username": "hrn_clk_52",
      "profile_picture_url": "https://pub-63c4f2af186d48f184dea3dfce00ba35.r2.dev/hrn_clk_52.jpg",
      "rank": 25
    },
    {
      "id": 31361,
      "username": "metehaneker16",
      "profile_picture_url": "https://pub-63c4f2af186d48f184dea3dfce00ba35.r2.dev/metehaneker16.jpg",
      "rank": 26
    },
    {
      "id": 31362,
      "username": "yatoo34x",
      "profile_picture_url": "https://pub-63c4f2af186d48f184dea3dfce00ba35.r2.dev/yatoo34x.jpg",
      "rank": 27
    },
    {
      "id": 31363,
      "username": "yagmurumol.bugece",
      "profile_picture_url": "https://pub-63c4f2af186d48f184dea3dfce00ba35.r2.dev/yagmurumol.bugece.jpg",
      "rank": 28
    },
    {
      "id": 31364,
      "username": "efearsln.wq",
      "profile_picture_url": "https://pub-63c4f2af186d48f184dea3dfce00ba35.r2.dev/efearsln.wq.jpg",
      "rank": 29
    },
    {
      "id": 31365,
      "username": "49deniz35",
      "profile_picture_url": "https://pub-63c4f2af186d48f184dea3dfce00ba35.r2.dev/49deniz35.jpg",
      "rank": 30
    },
    {
      "id": 31366,
      "username": "mami_bike16",
      "profile_picture_url": "https://pub-63c4f2af186d48f184dea3dfce00ba35.r2.dev/mami_bike16.jpg",
      "rank": 31
    },
    {
      "id": 31367,
      "username": "ruzgararslan948",
      "profile_picture_url": "https://pub-63c4f2af186d48f184dea3dfce00ba35.r2.dev/ruzgararslan948.jpg",
      "rank": 32
    },
    {
      "id": 31368,
      "username": "bugrahss999",
      "profile_picture_url": "https://pub-63c4f2af186d48f184dea3dfce00ba35.r2.dev/bugrahss999.jpg",
      "rank": 33
    },
    {
      "id": 31369,
      "username": "ecoolii7",
      "profile_picture_url": "https://pub-63c4f2af186d48f184dea3dfce00ba35.r2.dev/ecoolii7.jpg",
      "rank": 34
    },
    {
      "id": 31370,
      "username": "busra_nx2",
      "profile_picture_url": "https://pub-63c4f2af186d48f184dea3dfce00ba35.r2.dev/busra_nx2.jpg",
      "rank": 35
    },
    {
      "id": 31371,
      "username": "dribbleflin_",
      "profile_picture_url": "https://pub-63c4f2af186d48f184dea3dfce00ba35.r2.dev/dribbleflin_.jpg",
      "rank": 36
    },
    {
      "id": 31372,
      "username": "sincabhanim",
      "profile_picture_url": "https://pub-63c4f2af186d48f184dea3dfce00ba35.r2.dev/sincabhanim.jpg",
      "rank": 37
    },
    {
      "id": 31373,
      "username": "d22deniz",
      "profile_picture_url": "https://pub-63c4f2af186d48f184dea3dfce00ba35.r2.dev/d22deniz.jpg",
      "rank": 38
    },
    {
      "id": 31374,
      "username": "demirsarpk",
      "profile_picture_url": "https://pub-63c4f2af186d48f184dea3dfce00ba35.r2.dev/demirsarpk.jpg",
      "rank": 39
    },
    {
      "id": 31375,
      "username": "kaancerci__",
      "profile_picture_url": "https://pub-63c4f2af186d48f184dea3dfce00ba35.r2.dev/kaancerci__.jpg",
      "rank": 40
    },
    {
      "id": 31376,
      "username": "bekosxw",
      "profile_picture_url": "https://pub-63c4f2af186d48f184dea3dfce00ba35.r2.dev/bekosxw.jpg",
      "rank": 41
    },
    {
      "id": 31377,
      "username": "36kerem.x",
      "profile_picture_url": "https://pub-63c4f2af186d48f184dea3dfce00ba35.r2.dev/36kerem.x.jpg",
      "rank": 42
    },
    {
      "id": 31378,
      "username": "mawzery_",
      "profile_picture_url": "https://pub-63c4f2af186d48f184dea3dfce00ba35.r2.dev/mawzery_.jpg",
      "rank": 43
    },
    {
      "id": 31379,
      "username": "floral_earringss",
      "profile_picture_url": "https://pub-63c4f2af186d48f184dea3dfce00ba35.r2.dev/floral_earringss.jpg",
      "rank": 44
    },
    {
      "id": 31380,
      "username": "r4mazqn_55",
      "profile_picture_url": "https://pub-63c4f2af186d48f184dea3dfce00ba35.r2.dev/r4mazqn_55.jpg",
      "rank": 45
    },
    {
      "id": 31381,
      "username": "ardawq242atinins2",
      "profile_picture_url": "https://pub-63c4f2af186d48f184dea3dfce00ba35.r2.dev/ardawq242atinins2.jpg",
      "rank": 46
    },
    {
      "id": 31382,
      "username": "aslihan.metin0",
      "profile_picture_url": "https://pub-63c4f2af186d48f184dea3dfce00ba35.r2.dev/aslihan.metin0.jpg",
      "rank": 47
    },
    {
      "id": 31383,
      "username": "kr1emirhan",
      "profile_picture_url": "https://pub-63c4f2af186d48f184dea3dfce00ba35.r2.dev/kr1emirhan.jpg",
      "rank": 48
    },
    {
      "id": 31384,
      "username": "ahmetwrrr",
      "profile_picture_url": "https://pub-63c4f2af186d48f184dea3dfce00ba35.r2.dev/ahmetwrrr.jpg",
      "rank": 49
    },
    {
      "id": 31385,
      "username": "tomurcuk_emir",
      "profile_picture_url": "https://pub-63c4f2af186d48f184dea3dfce00ba35.r2.dev/tomurcuk_emir.jpg",
      "rank": 50
    },
    {
      "id": 31386,
      "username": "jr_b3rkan",
      "profile_picture_url": "https://pub-63c4f2af186d48f184dea3dfce00ba35.r2.dev/jr_b3rkan.jpg",
      "rank": 51
    },
    {
      "id": 31387,
      "username": "yusufpapa69",
      "profile_picture_url": "https://pub-63c4f2af186d48f184dea3dfce00ba35.r2.dev/yusufpapa69.jpg",
      "rank": 52
    },
    {
      "id": 31388,
      "username": "niisakkyya",
      "profile_picture_url": "https://pub-63c4f2af186d48f184dea3dfce00ba35.r2.dev/niisakkyya.jpg",
      "rank": 53
    },
    {
      "id": 31389,
      "username": "furkanefeact10",
      "profile_picture_url": "https://pub-63c4f2af186d48f184dea3dfce00ba35.r2.dev/furkanefeact10.jpg",
      "rank": 54
    },
    {
      "id": 31390,
      "username": "atiofest",
      "profile_picture_url": "https://pub-63c4f2af186d48f184dea3dfce00ba35.r2.dev/atiofest.jpg",
      "rank": 55
    },
    {
      "id": 31391,
      "username": "omer_3an21ls",
      "profile_picture_url": "https://pub-63c4f2af186d48f184dea3dfce00ba35.r2.dev/omer_3an21ls.jpg",
      "rank": 56
    },
    {
      "id": 31392,
      "username": "zeynepissteee",
      "profile_picture_url": "https://pub-63c4f2af186d48f184dea3dfce00ba35.r2.dev/zeynepissteee.jpg",
      "rank": 57
    },
    {
      "id": 31393,
      "username": "yoshinookun",
      "profile_picture_url": "https://pub-63c4f2af186d48f184dea3dfce00ba35.r2.dev/yoshinookun.jpg",
      "rank": 58
    },
    {
      "id": 31394,
      "username": "_oozturk_",
      "profile_picture_url": "https://pub-63c4f2af186d48f184dea3dfce00ba35.r2.dev/_oozturk_.jpg",
      "rank": 59
    },
    {
      "id": 31395,
      "username": "kyzeexkz",
      "profile_picture_url": "https://pub-63c4f2af186d48f184dea3dfce00ba35.r2.dev/kyzeexkz.jpg",
      "rank": 60
    },
    {
      "id": 31396,
      "username": "eymhen_unal1905",
      "profile_picture_url": "https://pub-63c4f2af186d48f184dea3dfce00ba35.r2.dev/eymhen_unal1905.jpg",
      "rank": 61
    },
    {
      "id": 31397,
      "username": "ismaiill.efe",
      "profile_picture_url": "https://pub-63c4f2af186d48f184dea3dfce00ba35.r2.dev/ismaiill.efe.jpg",
      "rank": 62
    },
    {
      "id": 31398,
      "username": "06ayz_06",
      "profile_picture_url": "https://pub-63c4f2af186d48f184dea3dfce00ba35.r2.dev/06ayz_06.jpg",
      "rank": 63
    },
    {
      "id": 31399,
      "username": "ahmtsen_",
      "profile_picture_url": "https://pub-63c4f2af186d48f184dea3dfce00ba35.r2.dev/ahmtsen_.jpg",
      "rank": 64
    },
    {
      "id": 31400,
      "username": "omeragultekin",
      "profile_picture_url": "https://pub-63c4f2af186d48f184dea3dfce00ba35.r2.dev/omeragultekin.jpg",
      "rank": 65
    },
    {
      "id": 31401,
      "username": "n1saw_01",
      "profile_picture_url": "https://pub-63c4f2af186d48f184dea3dfce00ba35.r2.dev/n1saw_01.jpg",
      "rank": 66
    },
    {
      "id": 31402,
      "username": "batuelcaponee",
      "profile_picture_url": "https://pub-63c4f2af186d48f184dea3dfce00ba35.r2.dev/batuelcaponee.jpg",
      "rank": 67
    },
    {
      "id": 31403,
      "username": "apollo10.p",
      "profile_picture_url": "https://pub-63c4f2af186d48f184dea3dfce00ba35.r2.dev/apollo10.p.jpg",
      "rank": 68
    },
    {
      "id": 31404,
      "username": "alperenkaba_",
      "profile_picture_url": "https://pub-63c4f2af186d48f184dea3dfce00ba35.r2.dev/alperenkaba_.jpg",
      "rank": 69
    },
    {
      "id": 31405,
      "username": "idilderindusuncelerde",
      "profile_picture_url": "https://pub-63c4f2af186d48f184dea3dfce00ba35.r2.dev/idilderindusuncelerde.jpg",
      "rank": 70
    },
    {
      "id": 31406,
      "username": "memoteropik",
      "profile_picture_url": "https://pub-63c4f2af186d48f184dea3dfce00ba35.r2.dev/memoteropik.jpg",
      "rank": 71
    },
    {
      "id": 31407,
      "username": "sule_ymantiryakii9",
      "profile_picture_url": "https://pub-63c4f2af186d48f184dea3dfce00ba35.r2.dev/sule_ymantiryakii9.jpg",
      "rank": 72
    },
    {
      "id": 31408,
      "username": "llsy_ll",
      "profile_picture_url": "https://pub-63c4f2af186d48f184dea3dfce00ba35.r2.dev/llsy_ll.jpg",
      "rank": 73
    },
    {
      "id": 31409,
      "username": "huseyiinyaziicii",
      "profile_picture_url": "https://pub-63c4f2af186d48f184dea3dfce00ba35.r2.dev/huseyiinyaziicii.jpg",
      "rank": 74
    },
    {
      "id": 31410,
      "username": "beeneminnn",
      "profile_picture_url": "https://pub-63c4f2af186d48f184dea3dfce00ba35.r2.dev/beeneminnn.jpg",
      "rank": 75
    },
    {
      "id": 31411,
      "username": "omersabri688",
      "profile_picture_url": "https://pub-63c4f2af186d48f184dea3dfce00ba35.r2.dev/omersabri688.jpg",
      "rank": 76
    },
    {
      "id": 31412,
      "username": "59_27yusuf",
      "profile_picture_url": "https://pub-63c4f2af186d48f184dea3dfce00ba35.r2.dev/59_27yusuf.jpg",
      "rank": 77
    },
    {
      "id": 31413,
      "username": "salih_ysyn",
      "profile_picture_url": "https://pub-63c4f2af186d48f184dea3dfce00ba35.r2.dev/salih_ysyn.jpg",
      "rank": 78
    },
    {
      "id": 31414,
      "username": "oblivoo_",
      "profile_picture_url": "https://pub-63c4f2af186d48f184dea3dfce00ba35.r2.dev/oblivoo_.jpg",
      "rank": 79
    },
    {
      "id": 31415,
      "username": "memetokmen81",
      "profile_picture_url": "https://pub-63c4f2af186d48f184dea3dfce00ba35.r2.dev/memetokmen81.jpg",
      "rank": 80
    },
    {
      "id": 31416,
      "username": "gece._.mavisi._.management",
      "profile_picture_url": "https://pub-63c4f2af186d48f184dea3dfce00ba35.r2.dev/gece._.mavisi._.management.jpg",
      "rank": 81
    },
    {
      "id": 31417,
      "username": "mesut_eren11",
      "profile_picture_url": "https://pub-63c4f2af186d48f184dea3dfce00ba35.r2.dev/mesut_eren11.jpg",
      "rank": 82
    },
    {
      "id": 31418,
      "username": "aliyewss_01",
      "profile_picture_url": "https://pub-63c4f2af186d48f184dea3dfce00ba35.r2.dev/aliyewss_01.jpg",
      "rank": 83
    },
    {
      "id": 31419,
      "username": "berkay.lwp",
      "profile_picture_url": "https://pub-63c4f2af186d48f184dea3dfce00ba35.r2.dev/berkay.lwp.jpg",
      "rank": 84
    },
    {
      "id": 31420,
      "username": "taha.bilgin",
      "profile_picture_url": "https://pub-63c4f2af186d48f184dea3dfce00ba35.r2.dev/taha.bilgin.jpg",
      "rank": 85
    },
    {
      "id": 31421,
      "username": "djj.sjsjds",
      "profile_picture_url": "https://pub-63c4f2af186d48f184dea3dfce00ba35.r2.dev/djj.sjsjds.jpg",
      "rank": 86
    },
    {
      "id": 31422,
      "username": "erampapam",
      "profile_picture_url": "https://pub-63c4f2af186d48f184dea3dfce00ba35.r2.dev/erampapam.jpg",
      "rank": 87
    },
    {
      "id": 31423,
      "username": "utkusen_us",
      "profile_picture_url": "https://pub-63c4f2af186d48f184dea3dfce00ba35.r2.dev/utkusen_us.jpg",
      "rank": 88
    },
    {
      "id": 31424,
      "username": "ahmetemin_87",
      "profile_picture_url": "https://pub-63c4f2af186d48f184dea3dfce00ba35.r2.dev/ahmetemin_87.jpg",
      "rank": 89
    },
    {
      "id": 31425,
      "username": "kadrisko9",
      "profile_picture_url": "https://pub-63c4f2af186d48f184dea3dfce00ba35.r2.dev/kadrisko9.jpg",
      "rank": 90
    },
    {
      "id": 31426,
      "username": "_kereminchains",
      "profile_picture_url": "https://pub-63c4f2af186d48f184dea3dfce00ba35.r2.dev/_kereminchains.jpg",
      "rank": 91
    },
    {
      "id": 31427,
      "username": "umutft17",
      "profile_picture_url": "https://pub-63c4f2af186d48f184dea3dfce00ba35.r2.dev/umutft17.jpg",
      "rank": 92
    },
    {
      "id": 31428,
      "username": "ysf.frkn810",
      "profile_picture_url": "https://pub-63c4f2af186d48f184dea3dfce00ba35.r2.dev/ysf.frkn810.jpg",
      "rank": 93
    },
    {
      "id": 31429,
      "username": "dusbdls",
      "profile_picture_url": "https://pub-63c4f2af186d48f184dea3dfce00ba35.r2.dev/dusbdls.jpg",
      "rank": 94
    },
    {
      "id": 31430,
      "username": "kurufasulye123_321",
      "profile_picture_url": "https://pub-63c4f2af186d48f184dea3dfce00ba35.r2.dev/kurufasulye123_321.jpg",
      "rank": 95
    },
    {
      "id": 31431,
      "username": "latif_yildizbas",
      "profile_picture_url": "https://pub-63c4f2af186d48f184dea3dfce00ba35.r2.dev/latif_yildizbas.jpg",
      "rank": 96
    },
    {
      "id": 31432,
      "username": "kadir0082m",
      "profile_picture_url": "https://pub-63c4f2af186d48f184dea3dfce00ba35.r2.dev/kadir0082m.jpg",
      "rank": 97
    },
    {
      "id": 31433,
      "username": "the.h4l1l",
      "profile_picture_url": "https://pub-63c4f2af186d48f184dea3dfce00ba35.r2.dev/the.h4l1l.jpg",
      "rank": 98
    },
    {
      "id": 31434,
      "username": "enoqwx_",
      "profile_picture_url": "https://pub-63c4f2af186d48f184dea3dfce00ba35.r2.dev/enoqwx_.jpg",
      "rank": 99
    },
    {
      "id": 31435,
      "username": "seboeyy",
      "profile_picture_url": "https://pub-63c4f2af186d48f184dea3dfce00ba35.r2.dev/seboeyy.jpg",
      "rank": 100
    }
  ],
  "generated_at": "2025-08-31T14:27:49.702Z",
  "total_rankings": 100
}